{"cameraMode":{"drawMode":0,"name":"Shaded","section":"Shading Mode"},"sceneLighting":true,"audioPlay":false,"sceneViewState":{"showFog":true,"showMaterialUpdate":false,"showSkybox":true,"showFlares":true,"showImageEffects":true,"showParticleSystems":true,"showVisualEffectGraphs":true,"m_FxEnabled":true},"in2DMode":false,"pivot":{"x":15.804250717163086,"y":117.3729019165039,"z":-191.67376708984376},"rotation":{"x":0.3171766698360443,"y":-0.018501397222280504,"z":0.006193121895194054,"w":0.9481831789016724},"size":12.461819648742676,"orthographic":false}