{"cameraMode":{"drawMode":0,"name":"Shaded","section":"Shading Mode"},"sceneLighting":true,"audioPlay":false,"sceneViewState":{"showFog":true,"showMaterialUpdate":false,"showSkybox":true,"showFlares":true,"showImageEffects":true,"showParticleSystems":true,"showVisualEffectGraphs":true,"m_FxEnabled":true},"in2DMode":false,"pivot":{"x":323.11578369140627,"y":204.51182556152345,"z":226.6684112548828},"rotation":{"x":-0.01980893313884735,"y":-0.006578372325748205,"z":0.00010328256757929921,"w":-0.9998044967651367},"size":321.8931884765625,"orthographic":false}